Rk,School,Conf,,AP Rank,W,L,Pts,Opp,MOV,,SOS,,OSRS,DSRS,SRS,ORtg,DRtg,NRtg
1,Houston,Big 12,,1,30,4,73,57,16.06,,10.3,,5.95,20.41,26.36,120.52,81.18,39.34
2,Arizona,Pac-12,,5,25,8,87.9,72.2,15.7,,9.65,,19.52,5.83,25.35,123.35,89.4,33.95
3,Purdue,Big Ten,,3,29,4,83.4,70.2,13.24,,11.54,,15.59,9.19,24.78,126.86,92,34.86
4,Connecticut,Big East,,2,31,3,81.5,64.4,17.06,,7.66,,11.94,12.77,24.72,127.02,91.53,35.49
5,Iowa State,Big 12,,6,27,7,75.6,61.3,14.26,,8.76,,7.95,15.07,23.02,117.13,84.11,33.02
6,Auburn,SEC,,13,26,7,83.2,68.1,15.18,,7.82,,13.89,9.11,23,122.18,89.91,32.27
7,Tennessee,SEC,,4,24,8,79.5,67.9,11.59,,10.2,,10.29,11.51,21.8,118.14,87.59,30.55
8,Alabama,SEC,,16,21,11,90.8,81.1,9.69,,11.43,,22.15,-1.03,21.12,127.13,97.66,29.47
9,North Carolina,ACC,,7,27,7,81.5,70.2,11.24,,9.76,,13.25,7.74,21,119.2,89.79,29.41
10,Brigham Young,Big 12,,20,23,10,81.8,69.9,11.94,,8.42,,13.65,6.72,20.36,122.32,93.53,28.79
11,Duke,ACC,,9,24,8,79.8,67.4,12.41,,7.84,,11.1,9.14,20.24,123.3,93.68,29.62
12,Baylor,Big 12,,11,23,10,80.5,71.2,9.33,,11.41,,13.24,6.98,20.22,125.7,96.46,29.24
13,Creighton,Big East,,10,23,9,80.5,69.7,10.81,,9.22,,12.19,7.84,20.03,122.73,93.89,28.84
14,Illinois,Big Ten,,12,25,8,84.2,73.4,10.76,,9.03,,16.45,3.34,19.79,124.24,96.69,27.56
15,Marquette,Big East,,8,25,9,78.3,69.7,8.59,,10.99,,11.5,8.08,19.58,120.1,92.67,27.43
16,Michigan State,Big Ten,,,19,14,73.1,65.9,7.18,,10.72,,4.42,13.48,17.9,115.11,89.99,25.13
17,Kansas,Big 12,,14,22,10,75.3,68.7,6.56,,11.73,,8.57,9.07,17.63,115.81,90.78,25.03
18,Kentucky,SEC,,15,23,9,89.4,79.7,9.75,,7.88,,19.89,-2.26,17.63,122.84,98.83,24.01
19,Gonzaga,WCC,,19,25,7,84.9,69,15.91,,3.03,,12.59,4.73,17.32,121.74,97.2,24.53
20,Saint Mary's (CA),WCC,,23,26,7,74.2,58.7,15.52,,3.43,,1.7,15.26,16.96,115.95,90.04,25.91
21,Wisconsin,Big Ten,,,22,12,74.7,69.3,5.44,,11.45,,8.31,8.58,16.89,120.82,95.78,25.04
22,St. John's (NY),Big East,,,20,13,78.8,71.9,6.91,,9.38,,10.88,5.41,16.29,118.58,95.3,23.29
23,Texas,Big 12,,,20,12,76.5,69.9,6.66,,9.4,,8.74,7.31,16.05,118.02,94.82,23.2
24,Colorado,Pac-12,,,24,10,79.3,71.2,8.12,,7.9,,9.99,6.02,16.02,118.51,96,22.51
25,New Mexico,MWC,,,26,9,81.7,70.5,11.2,,5.46,,12.54,3.48,16.02,114.95,92.95,22
26,Texas Tech,Big 12,,,23,10,75.6,69.3,6.24,,9.74,,8.04,7.94,15.98,119.01,95.71,23.3
27,Florida,SEC,,,24,10,85.7,78.3,7.35,,8.46,,16.37,-0.56,15.82,119.89,98.21,21.68
28,TCU,Big 12,,,21,12,79.2,71.2,8,,7.67,,11.06,4.61,15.67,115.48,94.08,21.4
29,Cincinnati,Big 12,,,20,14,74.6,67.9,6.74,,8.84,,6.42,9.15,15.57,114.28,92.15,22.13
30,San Diego State,MWC,,21,24,10,74.6,66.6,8.03,,8.47,,5.26,10.06,15.31,113.94,91.76,22.18
31,Wake Forest,ACC,,,20,13,78.2,70.5,7.73,,7.45,,10.08,5.09,15.17,118.43,96.59,21.84
32,Oklahoma,Big 12,,,20,12,75.4,68.8,6.59,,8.57,,7.06,8.1,15.16,116.62,95.16,21.46
33,Nebraska,Big Ten,,,23,10,77.6,70.1,7.48,,7.64,,8.99,6.13,15.12,115.96,94.6,21.36
34,Utah,Pac-12,,,19,14,78.1,72.6,5.42,,9.57,,10.06,4.93,14.99,115.28,94.28,21
35,Mississippi State,SEC,,,21,13,74.8,69.1,5.71,,9.22,,5.21,9.71,14.92,113.37,92.46,20.9
36,Clemson,ACC,,,21,11,77.4,71.3,6.09,,8.82,,8.12,6.79,14.91,118.58,97.27,21.3
37,Pittsburgh,ACC,,,22,11,75.6,67.6,7.97,,6.84,,5.78,9.04,14.81,116.57,95.68,20.88
38,Villanova,Big East,,,18,15,70.5,65.5,5.03,,9.76,,2.41,12.38,14.79,113.31,91.63,21.69
39,Washington State,Pac-12,,18,24,9,74.3,66.9,7.42,,6.86,,3.9,10.38,14.28,114.81,94.36,20.45
40,Ohio State,Big Ten,,,20,13,74.9,69.5,5.42,,8.68,,6.05,8.05,14.11,116.43,96.54,19.88
41,Florida Atlantic,AAC,,,25,8,82.5,73.3,9.27,,4.62,,11.62,2.27,13.89,119.43,99.65,19.79
42,Boise State,MWC,,,22,10,75.8,67.5,8.28,,7.44,,6.37,7.48,13.84,116.56,95.74,20.82
43,Dayton,A-10,,25,24,7,74.7,66.3,8.45,,5.1,,5.43,8.13,13.55,119.1,98.74,20.36
44,Colorado State,MWC,,,24,10,76.4,68.4,8,,7.38,,5.49,7.98,13.47,116.7,97.25,19.45
45,Nevada,MWC,,,26,7,76.4,67.1,9.36,,4.76,,5.88,7.51,13.38,115.14,95.78,19.35
46,Iowa,Big Ten,,,18,14,82.9,79,3.97,,9.28,,14.56,-1.32,13.25,119.75,101.83,17.92
47,Texas A&M,SEC,,,20,14,74.8,70.8,3.97,,9.09,,5.26,7.79,13.06,115.86,96.72,19.14
48,UCF,Big 12,,,17,15,71.5,67.5,4.06,,8.74,,3.57,9.23,12.8,108.41,90.55,17.86
49,Indiana State,MVC,,,28,6,84.4,72,12.41,,0.89,,12,0.77,12.76,117.83,100.22,17.61
50,Northwestern,Big Ten,,,21,11,73.7,69,4.69,,8.06,,4.94,7.81,12.75,117.26,98.58,18.68
51,Providence,Big East,,,21,13,72.9,69,3.88,,8.82,,3.92,8.78,12.71,109.46,91.76,17.7
52,Oregon,Pac-12,,,23,11,75.3,71.9,3.47,,8.79,,6.25,6.01,12.26,115.09,97.66,17.43
53,Xavier,Big East,,,16,17,75.8,74.5,1.3,,10.95,,8.61,3.64,12.25,112.63,95.1,17.53
54,Butler,Big East,,,18,14,77.3,73.7,3.53,,9.42,,8.6,3.63,12.23,113.63,96.69,16.94
55,Utah State,MWC,,22,27,6,79.8,70.3,9.52,,4.75,,9.14,3.03,12.17,115.42,98.03,17.39
56,Washington,Pac-12,,,17,15,80.6,77.1,3.47,,8.61,,12.14,-0.06,12.08,115.12,98.13,16.99
57,Kansas State,Big 12,,,19,14,71.9,70.5,1.39,,10.43,,4.76,7.06,11.82,110.23,93.26,16.96
58,Virginia Tech,ACC,,,18,14,75,71.1,3.94,,7.85,,7.08,4.7,11.78,116.83,99.26,17.57
59,NC State,ACC,,,22,14,76.4,72.7,3.67,,7.91,,7.87,3.7,11.57,115.22,98.76,16.46
60,South Carolina,SEC,,17,26,7,72,67,5.06,,6.49,,1.54,10.01,11.55,114.06,97.14,16.92
61,Seton Hall,Big East,,,20,12,72.8,70.2,2.63,,8.74,,4.09,7.27,11.36,112.88,96.79,16.09
62,Drake,MVC,,,28,6,80.5,70.5,9.97,,1.52,,8.45,2.74,11.19,115.66,99.48,16.17
63,Virginia,ACC,,,23,10,63.6,59.6,4,,7,,-6.52,17.51,11,106.66,90.21,16.45
64,Maryland,Big Ten,,,16,17,69,65.9,3.15,,7.71,,0.2,10.66,10.86,107.72,92.6,15.12
65,Southern Methodist,AAC,,,20,12,76.3,67.8,8.53,,2.5,,4.43,6.26,10.69,111.19,96.04,15.15
66,Grand Canyon,WAC,,,29,4,79.8,66.9,12.88,,-1.69,,5.43,4.6,10.03,111.99,97.35,14.64
67,Minnesota,Big Ten,,,18,14,75.4,71.8,3.66,,6.25,,5.63,4.28,9.91,113.84,100.16,13.68
68,San Francisco,WCC,,,23,10,77.9,66.3,11.58,,-0.08,,3.52,6.18,9.7,112.34,97.46,14.88
69,Bradley,MVC,,,22,11,74.6,67,7.55,,2.57,,3.69,5.97,9.66,112.8,98.64,14.16
70,Southern California,Pac-12,,,15,18,74.1,74.3,-0.18,,9.77,,5.56,4.03,9.59,110.93,97.64,13.3
71,Miami (FL),ACC,,,15,17,75.8,73.6,2.13,,7.42,,6.42,3.13,9.54,111.87,99.47,12.4
72,Boston College,ACC,,,19,15,74.6,72.1,2.47,,6.98,,5.79,3.66,9.45,113.56,100.08,13.49
73,Penn State,Big Ten,,,16,17,75.1,73.4,1.7,,7.76,,6.66,2.79,9.45,111.33,97.95,13.38
74,Florida State,ACC,,,17,16,76.5,76.3,0.24,,9.2,,7.58,1.86,9.44,110.94,97.74,13.2
75,Memphis,AAC,,,22,10,80.5,75.8,4.75,,4.49,,10.09,-0.86,9.24,112.95,99.92,13.03
76,Virginia Commonwealth,A-10,,,22,12,72.1,67,5.15,,3.85,,1.46,7.54,9,110.4,97.06,13.33
77,Nevada-Las Vegas,MWC,,,19,12,73.2,67.8,5.39,,6.34,,2.8,6.13,8.92,112.69,99.31,13.38
78,North Texas,AAC,,,18,14,69.1,63.1,5.97,,4.17,,-3.33,12.13,8.8,109.86,96.48,13.38
79,James Madison,Sun Belt,,,31,3,84.4,69.2,15.18,,-4.81,,7.94,0.74,8.68,112.03,100.11,11.91
80,Louisiana State,SEC,,,17,15,76.3,74.7,1.66,,6.99,,6.46,2.18,8.64,111.01,98.76,12.25
81,Mississippi,SEC,,,20,12,74.9,73.9,1.03,,7.54,,5.04,3.53,8.57,113.12,101.04,12.09
82,Georgia,SEC,,,17,16,74.8,74.6,0.21,,8.35,,4.34,4.23,8.56,109.06,96.84,12.22
83,Syracuse,ACC,,,20,12,76.3,75.6,0.69,,9.19,,6.75,1.57,8.32,110.73,98.65,12.09
84,Richmond,A-10,,,23,9,72.3,66.1,6.25,,2.02,,0.91,7.36,8.27,108.44,96.54,11.9
85,Indiana,Big Ten,,,19,14,72.3,74.3,-2,,10.03,,4.12,3.91,8.03,110.2,98.73,11.47
86,Massachusetts,A-10,,,20,11,77.5,70.7,6.71,,1.11,,5.41,2.4,7.82,111.42,100.42,11
87,UCLA,Pac-12,,,16,17,66,65.5,0.52,,8.08,,-3.58,11.31,7.73,107.9,96.77,11.13
88,Rutgers,Big Ten,,,15,17,65.4,66.5,-1.16,,8.83,,-3.06,10.74,7.67,100.39,89.72,10.66
89,Stanford,Pac-12,,,14,18,76.3,76.5,-0.13,,7.77,,7.08,0.56,7.65,111.16,100.94,10.21
90,South Florida,AAC,,24,24,7,75.8,69.1,6.77,,0.62,,3.1,4.29,7.39,109.81,99.14,10.67
91,Duquesne,A-10,,,23,11,71.2,66.5,4.71,,3.92,,-0.11,7.43,7.32,107.07,96.39,10.68
92,UC Irvine,Big West,,,24,9,77.7,67.8,9.91,,-1.04,,3.56,3.75,7.3,108.67,98.58,10.1
93,McNeese State,Southland,,,30,3,80.4,61.5,18.91,,-7.26,,1.78,5.37,7.16,113.94,102.28,11.66
94,Loyola (IL),A-10,,,23,9,73.4,67.3,6.13,,2.4,,1.08,5.99,7.07,104.91,94.33,10.58
95,St. Bonaventure,A-10,,,20,13,73.5,68.6,4.82,,2.22,,2.79,4.25,7.04,112.94,102.55,10.39
96,Princeton,Ivy,,,24,4,77.1,66,11.07,,-1.8,,3.28,3.65,6.93,116.23,105.14,11.09
97,Oklahoma State,Big 12,,,12,20,71,72.7,-1.72,,8.52,,2.91,3.89,6.8,109.59,100.23,9.36
98,Saint Joseph's,A-10,,,21,13,75.6,70.4,5.15,,1.63,,4.45,2.33,6.78,110.89,100.94,9.96
99,George Mason,A-10,,,20,12,71,65.9,5.13,,2.11,,-1.24,7.86,6.63,109.63,99.52,10.11
100,Appalachian State,Sun Belt,,,27,6,78.5,66.5,11.91,,-2.58,,1.67,4.75,6.42,106.46,97.03,9.44
101,Arkansas,SEC,,,16,17,77.8,79.8,-2.03,,8.41,,7.69,-1.3,6.38,109.98,101.31,8.68
102,Samford,Southern,,,29,5,86,73.9,12.03,,-3.71,,10.17,-3.91,6.26,111.78,103.9,7.88
103,Santa Clara,WCC,,,20,13,76.9,72.2,4.67,,1.96,,4.78,0.84,5.62,109.68,101.94,7.75
104,Michigan,Big Ten,,,8,24,72.9,79,-6.06,,11.66,,5.07,0.52,5.59,111.19,103.75,7.44
105,California,Pac-12,,,13,19,74,77,-3.06,,8.3,,4.94,0.3,5.24,109.31,101.47,7.84
106,Louisiana Tech,CUSA,,,22,10,74.8,64.5,10.22,,-1.46,,-0.61,5.67,5.06,106.35,98.5,7.85
107,Yale,Ivy,,,21,9,75.6,66.8,8.8,,-0.52,,0.47,4.58,5.05,108.92,101.17,7.75
108,Notre Dame,ACC,,,13,20,64,67.2,-3.12,,8.06,,-4.35,9.29,4.94,103.29,96.42,6.87
109,UAB,AAC,,,22,11,77.6,75.4,2.18,,3.78,,5.89,-0.98,4.91,111.85,104.79,7.06
110,Arizona State,Pac-12,,,14,18,69,74,-4.97,,9.85,,0.47,4.41,4.88,104,97.37,6.63
111,Georgia Tech,ACC,,,14,18,71,75.2,-4.22,,8.78,,3.17,1.39,4.56,108.71,102.41,6.3
112,Charlotte,AAC,,,19,12,68.7,65.6,3.13,,2.73,,-3.28,7.68,4.39,108.44,101.83,6.61
113,Southern Illinois,MVC,,,19,13,72.7,68.2,4.44,,0.67,,-0.26,4.5,4.25,109.24,102.81,6.44
114,West Virginia,Big 12,,,9,23,69.8,76.8,-7.03,,11.28,,3.76,0.49,4.25,109.57,103.41,6.16
115,College of Charleston,CAA,,,27,7,80.5,72.5,7.94,,-2.87,,6.87,-2.68,4.19,111.38,105.2,6.18
116,Northern Iowa,MVC,,,19,14,73.2,71.1,2.15,,2.99,,1.33,2.64,3.96,108.69,103.12,5.57
117,Tulane,AAC,,,14,17,81.9,80,1.9,,2.99,,10.74,-6.78,3.96,110.97,105.6,5.37
118,Davidson,A-10,,,15,17,70.1,67.9,2.13,,3.51,,-1.39,5.23,3.85,106.05,100.07,5.98
119,Cornell,Ivy,,,22,7,82.1,74.2,7.83,,-1.91,,7.93,-4.29,3.64,111.2,106.38,4.83
120,Oregon State,Pac-12,,,13,19,68.9,72.7,-3.81,,8.64,,0.03,3.52,3.54,107.08,103.09,3.99
121,Missouri,SEC,,,8,24,72.2,76.2,-4.03,,7.55,,1.68,1.84,3.52,108.95,104.11,4.84
122,Seattle,WAC,,,19,14,73.6,67.4,6.21,,-1.33,,-0.22,3.58,3.36,104.78,99.51,5.27
123,Akron,MAC,,,24,10,74,65.9,8.18,,-2.52,,-1.99,5.01,3.02,105.87,101.41,4.47
124,Belmont,MVC,,,20,13,77.9,75.5,2.33,,1.58,,5.49,-2.57,2.92,108.46,104.31,4.16
125,Vermont,AEC,,,28,6,72.3,63,9.35,,-3.89,,-4.87,7.79,2.92,105.59,100.77,4.82
126,UC San Diego,Big West,,,21,11,76.7,69.2,7.56,,-2.26,,1.43,1.38,2.81,109.84,105.88,3.96
127,Hofstra,CAA,,,20,13,74.2,68.5,5.76,,-1.83,,-0.97,3.42,2.45,106.68,102.7,3.98
128,UT Arlington,WAC,,,20,14,76.9,73.3,3.59,,0.72,,4.52,-2.11,2.4,107.64,103.83,3.82
129,Wichita State,AAC,,,15,19,72.8,73.1,-0.26,,3.51,,0.15,2.18,2.33,104.3,100.88,3.42
130,High Point,Big South,,,25,8,84.2,74.2,10,,-5.08,,7.7,-5.46,2.24,113.31,109.76,3.55
131,Western Carolina,Southern,,,22,10,76.8,68.7,8.16,,-3.17,,0.48,1.66,2.14,106.72,103.47,3.25
132,Toledo,MAC,,,20,12,80,76.1,3.88,,-1.87,,6.45,-4.45,2,111.51,108.6,2.91
133,Liberty,CUSA,,,18,14,73.8,65.5,8.31,,-1.35,,-0.93,2.71,1.78,109.41,106.15,3.25
134,Oakland,Horizon,,,23,11,76.4,72.9,3.5,,-1.9,,1.3,0.3,1.6,107.65,105.44,2.21
135,Troy,Sun Belt,,,20,12,79.6,70.7,8.91,,-2.91,,3.1,-1.6,1.5,105.07,102.88,2.19
136,UNC Wilmington,CAA,,,21,10,79.4,71,8.35,,-2.66,,2.21,-0.77,1.44,110.99,108.26,2.73
137,Western Kentucky,CUSA,,,22,11,80.6,74.1,6.52,,-3.4,,6.1,-4.67,1.44,103.38,101.72,1.67
138,Drexel,CAA,,,20,12,73.3,66.6,6.75,,-3.4,,-2.65,4.02,1.37,105.57,102.86,2.72
139,Youngstown State,Horizon,,,22,10,81.2,70.9,10.28,,-4.86,,2.11,-0.91,1.21,105.27,103.78,1.49
140,Missouri State,MVC,,,17,16,71.2,71.3,-0.03,,1.15,,-0.37,1.49,1.12,103.26,101.9,1.36
141,Wyoming,MWC,,,15,17,72.8,74.5,-1.63,,5,,1.34,-0.37,0.97,107.28,105.84,1.44
142,Tarleton State,WAC,,,23,9,73.5,68.7,4.81,,-0.55,,-0.38,1.17,0.79,107.28,105.97,1.32
143,Ohio,MAC,,,20,13,77.3,70,7.33,,-4.33,,1.5,-0.77,0.73,107.39,106.17,1.22
144,South Dakota State,Summit,,,22,12,76.8,70.8,5.94,,-3.16,,1.37,-0.66,0.72,107.2,105.39,1.81
145,Morehead State,OVC,,,26,8,75.5,62.8,12.68,,-6.07,,-3.49,4.19,0.7,106.05,103.69,2.36
146,Georgetown,Big East,,,9,23,70.8,77.9,-7.03,,7.62,,2.6,-2.02,0.58,109.94,109.92,0.02
147,Murray State,MVC,,,12,20,69.8,69.9,-0.16,,1.78,,-2.3,2.85,0.56,107.23,106.46,0.76
148,Arkansas State,Sun Belt,,,18,16,78.7,77.1,1.59,,-1.07,,4.27,-3.75,0.52,111.18,109.91,1.28
149,Vanderbilt,SEC,,,9,23,67.9,75.9,-7.97,,8.43,,-2.31,2.77,0.46,104.69,104.48,0.22
150,Towson,CAA,,,20,14,67.5,63.6,3.88,,-2.06,,-7.38,7.78,0.4,101.61,100.78,0.83
151,Louisville,ACC,,,8,24,72,79.1,-7.06,,7.45,,2.84,-2.46,0.38,106.05,106.02,0.03
152,Furman,Southern,,,17,16,79.5,75.9,3.55,,-1.77,,4.16,-3.8,0.36,107.62,106.98,0.64
153,Hawaii,Big West,,,20,14,72.3,68.7,3.56,,-2.21,,-1.97,2.27,0.3,104.45,104.36,0.09
154,Loyola Marymount,WCC,,,12,19,72.4,71.4,0.97,,0.46,,-1.43,1.52,0.09,108.3,108.69,-0.39
155,Colgate,Patriot,,,25,9,71.5,63.2,8.26,,-6.08,,-3.97,4.04,0.07,102.71,102.28,0.42
156,Wright State,Horizon,,,18,14,86.5,81.2,5.25,,-3.39,,11.57,-11.56,0.01,114.48,115,-0.52
157,Weber State,Big Sky,,,20,12,75.4,67.5,7.91,,-3.67,,-0.99,0.98,-0.01,107.61,107.62,-0.01
158,Chattanooga,Southern,,,21,12,78.2,71.6,6.64,,-3.69,,1.83,-1.87,-0.04,108.32,108.11,0.21
159,UNC Greensboro,Southern,,,21,11,75.7,69.8,5.91,,-2.73,,-1.51,1.41,-0.1,107.03,107.04,-0.01
160,Sam Houston,CUSA,,,21,12,72.2,69.2,3,,-1.49,,-0.91,0.77,-0.14,103.48,103.23,0.26
161,Purdue Fort Wayne,Horizon,,,21,12,80.9,71.4,9.52,,-6.22,,2.08,-2.26,-0.18,103.43,104.01,-0.58
162,Fordham,A-10,,,13,20,70.5,72.4,-1.94,,1.66,,-0.83,0.55,-0.28,100.26,100.82,-0.57
163,East Carolina,AAC,,,15,18,69.3,70.3,-0.97,,1.61,,-3.22,2.89,-0.32,104.39,104.81,-0.43
164,Louisiana,Sun Belt,,,19,14,75.9,71.7,4.21,,-2.38,,-0.36,0.05,-0.32,104.22,104.31,-0.09
165,Montana,Big Sky,,,23,11,77.2,71.6,5.65,,-3.66,,1.25,-1.72,-0.47,109.66,110.2,-0.55
166,Kent State,MAC,,,17,17,74.8,71.3,3.53,,-2.29,,-0.05,-0.47,-0.51,105.79,106.13,-0.34
167,Eastern Washington,Big Sky,,,21,11,80.8,75.2,5.59,,-2.55,,5.82,-6.4,-0.58,109.95,110.47,-0.52
168,St. Thomas,Summit,,,20,13,72.8,64.8,7.94,,-5.42,,-5.32,4.7,-0.62,105.55,105.65,-0.1
169,Temple,AAC,,,16,19,70.9,72.5,-1.63,,1.87,,-1.79,1.1,-0.69,102.09,103.08,-1
170,George Washington,A-10,,,15,17,76.8,77.3,-0.47,,0.16,,5.14,-5.94,-0.8,105.75,107.2,-1.45
171,Tulsa,AAC,,,16,15,75,73.9,1.13,,-0.71,,1.26,-2.17,-0.91,102.34,103.23,-0.89
172,Stephen F. Austin,WAC,,,18,15,74.6,71.3,3.33,,-1.74,,-0.81,-0.12,-0.93,100.48,102.2,-1.71
173,UC Davis,Big West,,,20,13,71.2,68.1,3.18,,-2.45,,-3.2,2.27,-0.93,101.1,102.4,-1.3
174,Long Beach State,Big West,,,21,14,77.7,75.7,2.03,,-1.59,,4.33,-5.31,-0.98,105.18,106.65,-1.47
175,Massachusetts-Lowell,AEC,,,22,10,80,70.7,9.38,,-5.9,,1.8,-2.9,-1.11,103.38,105.12,-1.74
176,Illinois State,MVC,,,15,17,66.5,67.7,-1.16,,0.58,,-7.18,5.96,-1.22,101.4,103.47,-2.07
177,UTEP,CUSA,,,18,16,72.6,69.1,3.59,,-1.09,,-3.38,2.1,-1.28,97.63,99.28,-1.66
178,Utah Valley,WAC,,,16,16,68.7,68.6,0.13,,-0.04,,-4.77,3.43,-1.34,97.83,99.16,-1.33
179,Saint Louis,A-10,,,13,20,74.9,79.4,-4.45,,4.34,,4.87,-6.25,-1.38,110.15,111.97,-1.82
180,La Salle,A-10,,,16,17,72.7,73.1,-0.39,,1.06,,-0.15,-1.26,-1.41,104.56,106.21,-1.65
181,Illinois-Chicago,MVC,,,12,21,70.3,71.5,-1.27,,1.46,,-1.91,0.46,-1.45,99.41,101.43,-2.02
182,Longwood,Big South,,,21,13,75.6,67.9,7.62,,-5.57,,-2.35,0.88,-1.47,103.56,105.31,-1.75
183,Delaware,CAA,,,19,14,73.2,69.7,3.55,,-4.11,,-1.81,0.32,-1.48,102.67,104.42,-1.75
184,Lipscomb,A-Sun,,,20,12,82.1,76.5,5.56,,-4.71,,4.21,-5.82,-1.61,110.35,112.48,-2.13
185,UNC Asheville,Big South,,,22,12,78.9,73.1,5.79,,-2.74,,0.92,-2.6,-1.68,105.46,107.88,-2.42
186,Winthrop,Big South,,,17,15,77.3,71.5,5.88,,-3.23,,0.41,-2.19,-1.79,105.07,107.56,-2.49
187,Pepperdine,WCC,,,13,20,72.8,74,-1.21,,0.91,,0.16,-2.08,-1.93,106.03,108.95,-2.92
188,Rhode Island,A-10,,,12,20,72.6,76.3,-3.78,,3.07,,1.35,-3.41,-2.06,106.03,108.98,-2.95
189,California Baptist,WAC,,,16,17,67.3,66.6,0.76,,-2.31,,-6.39,4.02,-2.37,102.08,105.26,-3.18
190,Stony Brook,CAA,,,20,15,73.5,72.3,1.2,,-2.47,,0.31,-2.75,-2.44,104.06,107.16,-3.1
191,Fairfield,MAAC,,,22,12,75.8,70.6,5.15,,-6.62,,0.94,-3.68,-2.74,106.07,109.67,-3.6
192,Quinnipiac,MAAC,,,24,9,77.8,71.5,6.33,,-7.15,,2.12,-4.87,-2.75,103.46,107.08,-3.62
193,UC Santa Barbara,Big West,,,16,15,75.4,73.5,1.84,,-2.63,,-0.25,-2.55,-2.8,104.91,109,-4.08
194,Fresno State,MWC,,,12,21,67.7,73.9,-6.24,,3.96,,-3.18,0.36,-2.82,103.28,107.73,-4.45
195,Bryant,AEC,,,20,13,78.7,75.4,3.33,,-3.35,,1.91,-4.77,-2.86,97.94,101.88,-3.94
196,Cleveland State,Horizon,,,20,14,76.2,72.9,3.29,,-4.46,,0.1,-3.01,-2.91,105.28,109.42,-4.14
197,Rice,AAC,,,11,21,72,75.7,-3.66,,2.28,,-1.3,-1.62,-2.92,105.14,109.24,-4.1
198,East Tennessee State,Southern,,,19,16,71.5,69.6,1.91,,-2.57,,-4.11,1.17,-2.93,100.82,104.87,-4.05
199,Little Rock,OVC,,,21,12,77.4,72.2,5.18,,-8.14,,1.4,-4.35,-2.95,105.17,108.81,-3.64
200,Monmouth,CAA,,,18,15,72.4,72.6,-0.18,,-2.81,,-1.35,-1.64,-3,103.81,108.27,-4.47
201,Pennsylvania,Ivy,,,11,18,74.4,74.4,0.07,,0.53,,-0.08,-2.99,-3.07,106.63,111.18,-4.56
202,Jacksonville State,CUSA,,,14,18,70,66.4,3.56,,-2.88,,-7.03,3.73,-3.3,100.18,104.52,-4.34
203,San Jose State,MWC,,,9,23,69.6,75.1,-5.47,,3.74,,-2.4,-0.95,-3.35,104.41,109.69,-5.27
204,Evansville,MVC,,,16,17,71.5,73.6,-2.06,,0.93,,-1.61,-1.78,-3.39,101.39,106.14,-4.75
205,Northern Kentucky,Horizon,,,18,15,74.8,73.2,1.64,,-3.46,,-1.69,-1.71,-3.39,101.04,106.04,-5
206,Texas State,Sun Belt,,,17,18,69.9,70.1,-0.2,,-0.42,,-6.2,2.81,-3.39,97.91,102.51,-4.6
207,Brown,Ivy,,,13,17,71.7,72.2,-0.47,,-1.71,,-1.8,-1.81,-3.61,102.15,107.48,-5.34
208,Texas A&M-Corpus Christi,Southland,,,21,11,75.5,66.5,9.06,,-6.91,,-4.34,0.68,-3.66,98.34,102.36,-4.02
209,Wofford,Southern,,,17,15,74.5,73.8,0.69,,-1.43,,-1.14,-2.57,-3.71,106.21,111.6,-5.39
210,Abilene Christian,WAC,,,15,17,72.5,73.5,-0.97,,-1.17,,-2.35,-1.47,-3.81,100.29,105.34,-5.05
211,UC Riverside,Big West,,,16,18,70.7,72,-1.29,,-0.9,,-2.8,-1.13,-3.93,101.99,107.63,-5.65
212,Northern Colorado,Big Sky,,,19,13,80.3,77.8,2.41,,-4.89,,5.4,-9.39,-3.99,107.05,112.4,-5.35
213,Saint Peter's,MAAC,,,19,13,65.3,63.4,1.91,,-6,,-10.11,5.99,-4.12,96.13,101.73,-5.6
214,Georgia State,Sun Belt,,,14,17,76.5,74.8,1.65,,-2.26,,-0.55,-3.71,-4.26,103.34,109.34,-6
215,Air Force,MWC,,,9,22,66.2,72.4,-6.19,,1.87,,-6.47,2.15,-4.33,104.95,112.75,-7.81
216,Harvard,Ivy,,,14,13,70.4,71.7,-1.37,,-1.85,,-3.2,-1.15,-4.35,99.99,106.08,-6.09
217,Gardner-Webb,Big South,,,17,16,73.5,73.2,0.36,,-1.47,,-1.62,-2.78,-4.4,99.9,105.62,-5.72
218,Cal State Northridge,Big West,,,19,15,75,73.6,1.41,,-3.79,,0.27,-4.71,-4.44,97.84,104.21,-6.38
219,Mercer,Southern,,,16,17,71.2,71.8,-0.7,,-2.4,,-4.49,-0.01,-4.5,101.12,107.74,-6.62
220,Stetson,A-Sun,,,22,12,77.5,72.8,4.71,,-3.86,,-0.32,-4.19,-4.51,108.14,114.69,-6.55
221,Montana State,Big Sky,,,17,17,75.1,74.1,1.06,,-3.89,,-1.33,-3.24,-4.57,101.71,107.98,-6.27
222,Cal State Fullerton,Big West,,,14,18,67.9,69.1,-1.25,,-0.74,,-6.15,1.4,-4.74,98.9,105.31,-6.41
223,Milwaukee,Horizon,,,20,15,79.5,78.7,0.83,,-4.23,,4.04,-8.82,-4.77,105.37,112.38,-7.01
224,Bowling Green State,MAC,,,20,13,73.5,70.8,2.73,,-5.47,,-2.52,-2.28,-4.8,99.92,107.03,-7.11
225,Iona,MAAC,,,16,17,71.3,70.6,0.76,,-5.69,,-3.62,-1.31,-4.93,101.74,108.46,-6.72
226,UTSA,AAC,,,11,21,77.6,81,-3.38,,-0.39,,4.78,-9.72,-4.94,105.51,112.24,-6.73
227,Kansas City,Summit,,,16,16,71.9,69.3,2.59,,-4.16,,-4.65,-0.34,-4.98,98.77,105.83,-7.05
228,Lamar,Southland,,,19,14,77.8,72.9,4.91,,-7.84,,-0.72,-4.31,-5.03,102.82,109.23,-6.41
229,Cal State Bakersfield,Big West,,,13,19,68.7,69.2,-0.47,,-1.86,,-6.43,1.37,-5.06,99.42,107.17,-7.75
230,San Diego,WCC,,,18,15,72.5,77.3,-4.79,,0.57,,-0.39,-4.69,-5.08,100.09,106.3,-6.21
231,Eastern Kentucky,A-Sun,,,17,14,80.8,76.5,4.29,,-4.18,,-0.06,-5.05,-5.11,103.82,110.45,-6.63
232,Merrimack,NEC,,,21,12,69.2,65.4,3.76,,-8.31,,-7.84,2.73,-5.11,94.51,101.72,-7.21
233,Marshall,Sun Belt,,,13,20,73.8,76.7,-2.91,,-1.09,,-1.65,-3.47,-5.12,99,105.7,-6.69
234,Columbia,Ivy,,,13,14,77,72.4,4.52,,-3.51,,-0.31,-4.91,-5.22,104.07,110.94,-6.87
235,Austin Peay,A-Sun,,,19,15,74.9,72.9,2,,-4.24,,-2.02,-3.23,-5.24,105.31,113.01,-7.7
236,Tennessee-Martin,OVC,,,21,11,81.5,76.7,4.81,,-7.02,,4.97,-10.31,-5.34,103.22,111.02,-7.8
237,Green Bay,Horizon,,,18,14,69,69,0.06,,-3.79,,-7.02,1.66,-5.36,101.38,109.14,-7.77
238,Marist,MAAC,,,18,13,64.6,62.2,2.45,,-7.83,,-10.92,5.54,-5.38,95.15,102.2,-7.05
239,Rider,MAAC,,,15,17,72.2,72.1,0.03,,-4,,-2.34,-3.11,-5.45,100.86,108.36,-7.5
240,Radford,Big South,,,16,17,72,71.5,0.48,,-3.28,,-4.55,-0.92,-5.47,104.16,111.95,-7.79
241,South Alabama,Sun Belt,,,16,16,74,75.7,-1.69,,-3.09,,-1.43,-4.21,-5.64,102.17,109.91,-7.75
242,Southern Mississippi,Sun Belt,,,16,16,69.9,71,-1.16,,-2.64,,-4.47,-1.17,-5.64,99.05,106.89,-7.84
243,Southern Utah,WAC,,,10,21,75,77.6,-2.58,,-1.16,,0.8,-6.51,-5.71,103.43,110.96,-7.52
244,North Dakota,Summit,,,18,14,75.3,71.9,3.38,,-5.77,,-2.99,-2.92,-5.91,101.73,110.28,-8.55
245,Northeastern,CAA,,,12,20,69.4,72.3,-2.94,,-2.98,,-3.94,-1.99,-5.92,103.01,111.59,-8.59
246,Florida Gulf Coast,A-Sun,,,14,18,70.4,71.1,-0.72,,-3.63,,-7.14,1.17,-5.97,101.35,109.74,-8.39
247,New Hampshire,AEC,,,16,15,74.1,74.1,0.03,,-3.51,,-1.64,-4.4,-6.04,97.93,105.87,-7.94
248,Maine,AEC,,,15,17,67.6,67.5,0.16,,-4.67,,-9.32,3.13,-6.18,95.05,103.72,-8.67
249,Miami (OH),MAC,,,15,17,70.6,70,0.56,,-3.84,,-5.35,-0.85,-6.2,98.6,107.03,-8.43
250,Norfolk State,MEAC,,,22,11,74.3,67.6,6.7,,-7.6,,-5.04,-1.22,-6.25,100.61,109.26,-8.65
251,Mount St. Mary's,MAAC,,,13,19,72.7,71.8,0.91,,-7.21,,-1.85,-4.45,-6.3,99.79,108.9,-9.11
252,DePaul,Big East,,,3,29,64.7,81.8,-17.03,,10.7,,-2.67,-3.66,-6.34,101.95,110.84,-8.89
253,The Citadel,Southern,,,11,21,70.6,71.5,-0.91,,-2.81,,-5.87,-0.56,-6.43,100.58,109.97,-9.38
254,Albany (NY),AEC,,,13,19,78.7,78.8,-0.13,,-5.08,,3.78,-10.24,-6.46,102.5,111.32,-8.82
255,Ball State,MAC,,,15,16,73.5,71,2.58,,-5.71,,-3.44,-3.03,-6.47,101.27,110.54,-9.27
256,North Florida,A-Sun,,,16,16,78,75.8,2.16,,-4.53,,-0.88,-5.75,-6.63,105.25,113.74,-8.49
257,Nicholls State,Southland,,,20,14,73.9,73.9,-0.06,,-4.88,,-1.89,-4.76,-6.65,101.18,109.98,-8.81
258,Portland State,Big Sky,,,17,15,71.9,71.8,0.09,,-4.48,,-3.94,-2.75,-6.69,96.37,105.14,-8.76
259,North Alabama,A-Sun,,,15,17,76.5,76.1,0.38,,-4.61,,-0.67,-6.11,-6.77,102.9,112.31,-9.41
260,Omaha,Summit,,,15,18,74,72.8,1.12,,-4.67,,-2.84,-4.13,-6.98,101.99,111.51,-9.52
261,Denver,Summit,,,17,17,81,80.5,0.53,,-4.45,,4.61,-11.63,-7.02,105.18,115.1,-9.92
262,Idaho State,Big Sky,,,14,20,70.5,70.1,0.41,,-4.65,,-6.02,-1.01,-7.03,101.14,110.89,-9.75
263,Oral Roberts,Summit,,,12,19,73.4,75.3,-1.9,,-2.26,,-2.37,-4.71,-7.09,102.07,112.19,-10.12
264,Middle Tennessee,CUSA,,,14,19,65.7,70.3,-4.61,,-0.3,,-7.9,0.66,-7.24,95.53,105.95,-10.42
265,North Dakota State,Summit,,,15,17,74.6,73.9,0.69,,-2.83,,-2.57,-4.67,-7.24,102.46,113.12,-10.66
266,Lehigh,Patriot,,,14,18,72.7,71,1.69,,-6.4,,-1.61,-5.65,-7.27,97.88,108.28,-10.4
267,Canisius,MAAC,,,14,18,70.4,72.1,-1.72,,-4.63,,-5.54,-2.16,-7.7,98.41,109.68,-11.28
268,Kennesaw State,A-Sun,,,15,16,82.8,80.8,2.06,,-5.52,,5.29,-13,-7.7,101.92,112.34,-10.42
269,North Carolina Central,MEAC,,,18,13,76.6,69,7.61,,-8.66,,-3.47,-4.23,-7.7,101.82,112.6,-10.78
270,Florida International,CUSA,,,11,22,73.6,76.5,-2.91,,-1.92,,-1.25,-6.51,-7.76,99.3,109.89,-10.58
271,Central Michigan,MAC,,,18,14,66.5,70.1,-3.59,,-3.35,,-8.37,0.54,-7.83,95.05,106.16,-11.11
272,Portland,WCC,,,12,21,71.5,79.5,-7.94,,1.75,,-1.77,-6.22,-8,102.32,113.68,-11.36
273,Old Dominion,Sun Belt,,,7,25,70.9,77,-6.13,,-1.25,,-2.99,-5.03,-8.02,97.89,108.83,-10.94
274,Presbyterian,Big South,,,14,18,74.7,72.8,1.84,,-5.47,,-3.95,-4.07,-8.02,100.35,111.64,-11.28
275,Central Connecticut State,NEC,,,20,11,72.2,66.5,5.68,,-10.04,,-5.78,-2.26,-8.04,98.69,109.82,-11.13
276,Utah Tech,WAC,,,11,20,70.8,77.1,-6.29,,-1.18,,-2.41,-5.67,-8.08,97.64,108.48,-10.85
277,Bucknell,Patriot,,,14,19,65.2,67.2,-1.94,,-6.16,,-7.85,-0.25,-8.1,97.5,109.19,-11.69
278,Niagara,MAAC,,,16,16,72.5,72.1,0.38,,-6.95,,-2.89,-5.26,-8.14,101.92,113.39,-11.47
279,Georgia Southern,Sun Belt,,,9,24,73.3,79.2,-5.91,,-2.24,,-0.63,-7.52,-8.15,101.4,112.84,-11.44
280,Valparaiso,MVC,,,7,25,67.6,75.5,-7.91,,1.26,,-5.24,-2.92,-8.16,97.96,109.21,-11.25
281,New Mexico State,CUSA,,,13,19,67.7,72.4,-4.75,,1.04,,-6.49,-1.83,-8.32,98.48,110.81,-12.33
282,Howard,MEAC,,,18,16,75.1,74.4,0.76,,-7.82,,-1.07,-7.34,-8.41,102.9,114.68,-11.77
283,Western Illinois,OVC,,,21,12,68.8,65.7,3.18,,-7.08,,-10.15,1.68,-8.46,94.66,106.35,-11.69
284,Queens (NC),A-Sun,,,14,19,80.1,81.6,-1.52,,-3.22,,2.25,-10.73,-8.48,100.82,112.27,-11.45
285,Maryland-Baltimore County,AEC,,,11,21,78.7,80.7,-2.06,,-5.75,,3.79,-12.28,-8.49,101.42,113.06,-11.64
286,Southern,SWAC,,,18,14,71.1,68.7,2.41,,-6.01,,-7.46,-1.2,-8.66,95.54,106.82,-11.28
287,American,Patriot,,,16,16,68.8,68,0.75,,-8.59,,-7.19,-1.56,-8.75,102.27,115.26,-13
288,SIU Edwardsville,OVC,,,17,16,71.5,70.1,1.39,,-7.27,,-5.75,-3.06,-8.81,98.07,110.58,-12.51
289,Northern Illinois,MAC,,,11,20,73.2,77.4,-4.19,,-1.17,,-2.21,-6.75,-8.96,99.73,112.64,-12.91
290,Western Michigan,MAC,,,12,20,71.3,74.9,-3.59,,-3.54,,-3.81,-5.25,-9.06,97.93,111.03,-13.1
291,Texas Southern,SWAC,,,16,16,70.2,70.8,-0.59,,-7.3,,-7.17,-1.9,-9.07,94.63,107.13,-12.5
292,South Carolina Upstate,Big South,,,10,20,71,72.9,-1.93,,-2.77,,-5.6,-3.51,-9.11,97.37,110.36,-13
293,Binghamton,AEC,,,15,15,72.1,72.2,-0.13,,-5.05,,-5.08,-4.04,-9.12,98.49,111.17,-12.68
294,Robert Morris,Horizon,,,10,22,72.7,75.8,-3.09,,-4.06,,-3.6,-5.72,-9.32,100,113.22,-13.22
295,Tennessee State,OVC,,,18,15,72.7,71,1.73,,-7.41,,-5.29,-4.11,-9.41,96.5,109.65,-13.16
296,Jacksonville,A-Sun,,,16,17,71.8,72.4,-0.55,,-4.55,,-7.53,-1.99,-9.52,97.9,110.51,-12.61
297,Boston University,Patriot,,,16,17,66.5,66.6,-0.15,,-8.29,,-8.48,-1.25,-9.72,94.91,108.91,-14
298,Chicago State,Ind,,,12,18,69.1,70.2,-1.1,,-2.98,,-9.76,0.04,-9.72,94.8,109.11,-14.31
299,Louisiana-Monroe,Sun Belt,,,11,19,69.9,74.4,-4.57,,-2.12,,-6.18,-3.55,-9.73,97.57,111.64,-14.08
300,Sacred Heart,NEC,,,16,16,74.1,72.3,1.84,,-9.34,,-3.21,-6.6,-9.8,98.14,111.61,-13.48
301,Grambling,SWAC,,,20,14,67.6,69,-1.44,,-6.41,,-9.97,-0.18,-10.15,95.57,109.66,-14.09
302,Coastal Carolina,Sun Belt,,,9,22,73.5,78.5,-4.97,,-2.6,,-3.12,-7.07,-10.19,97.59,111.79,-14.2
303,Sacramento State,Big Sky,,,10,24,67.1,70.4,-3.29,,-3.21,,-10.63,0.26,-10.37,95.67,111.34,-15.68
304,Campbell,CAA,,,14,18,71,72.1,-1.09,,-5.47,,-5.88,-4.56,-10.44,97.57,112.62,-15.05
305,Delaware State,MEAC,,,15,18,70.8,70.8,-0.03,,-7.83,,-7.29,-3.16,-10.45,92.99,107.58,-14.59
306,Idaho,Big Sky,,,11,21,67.8,71.2,-3.38,,-4.26,,-8.82,-2.04,-10.86,96.69,112.66,-15.98
307,Wagner,NEC,,,16,15,63.5,62.1,1.45,,-9.51,,-14.7,3.84,-10.86,93.04,108.37,-15.33
308,Southeastern Louisiana,Southland,,,15,17,69,71,-1.94,,-5.7,,-9.33,-1.54,-10.87,96.26,110.91,-14.65
309,Lafayette,Patriot,,,11,21,62.8,67.3,-4.5,,-5.77,,-11.38,0.45,-10.93,90.69,106.37,-15.68
310,Le Moyne,NEC,,,15,17,72.4,70.2,2.28,,-9.41,,-6.08,-4.85,-10.93,97.62,112.94,-15.31
311,William & Mary,CAA,,,10,23,69.8,72.1,-2.27,,-5.35,,-6.55,-4.57,-11.13,98.89,115.21,-16.32
312,Elon,CAA,,,13,19,73.1,75.4,-2.31,,-5.26,,-4.41,-6.82,-11.23,99.57,115.66,-16.09
313,Eastern Illinois,OVC,,,14,18,68.9,67.9,1,,-6.18,,-9.23,-2.06,-11.28,93.35,109.76,-16.41
314,Bellarmine,A-Sun,,,8,23,69.5,74.8,-5.39,,-2.1,,-8.23,-3.19,-11.42,97.05,113.51,-16.46
315,Navy,Patriot,,,13,18,66.5,66.7,-0.23,,-9.28,,-9.64,-1.81,-11.44,93.69,110.71,-17.02
316,Jackson State,SWAC,,,15,17,71.2,75.6,-4.34,,-7.14,,-4.77,-6.71,-11.48,97.07,112.76,-15.69
317,Alcorn State,SWAC,,,14,18,71.9,77.4,-5.53,,-5.62,,-3.49,-8.1,-11.59,102.5,118.16,-15.66
318,Alabama State,SWAC,,,13,19,68.6,69.4,-0.81,,-6.87,,-10.03,-1.71,-11.74,89.17,105.29,-16.12
319,South Carolina State,MEAC,,,14,18,70.2,74.7,-4.53,,-6.07,,-5.84,-5.89,-11.74,95.48,110.93,-15.45
320,Northern Arizona,Big Sky,,,14,19,68.6,76.6,-8,,-3.85,,-6.25,-5.6,-11.85,94.74,111.7,-16.97
321,Charleston Southern,Big South,,,10,20,67.6,73.7,-6.07,,-1.42,,-9.92,-1.95,-11.87,92.98,109.92,-16.94
322,Bethune-Cookman,SWAC,,,17,16,72.5,72.2,0.39,,-9.1,,-5.62,-6.54,-12.16,93.8,110.71,-16.91
323,South Dakota,Summit,,,12,20,76.1,79.2,-3.16,,-5.08,,-1.18,-11.04,-12.22,100.05,117.12,-17.08
324,Eastern Michigan,MAC,,,13,18,66,72.6,-6.61,,-4.84,,-9.29,-3.24,-12.53,94.59,112.55,-17.96
325,Cal Poly,Big West,,,4,28,63.7,74.1,-10.44,,-1.9,,-10.05,-3.21,-13.26,92.18,111.69,-19.51
326,Texas-Rio Grande Valley,WAC,,,6,25,70.4,79.8,-9.42,,-0.86,,-4.6,-8.74,-13.34,92.94,111.05,-18.11
327,Southern Indiana,OVC,,,8,24,68.6,73,-4.38,,-5.4,,-7.36,-6.08,-13.44,93.04,111.91,-18.87
328,Dartmouth,Ivy,,,6,21,61.9,71.9,-10,,-1.14,,-13.05,-0.77,-13.82,90.5,110.92,-20.43
329,Northwestern State,Southland,,,9,23,70.5,75.9,-5.38,,-5.87,,-7.33,-6.64,-13.97,94.64,114.05,-19.41
330,Texas A&M-Commerce,Southland,,,13,20,71.5,74.6,-3.06,,-4.68,,-9,-5.02,-14.02,91.7,111.73,-20.03
331,FDU,NEC,,,15,17,75.9,77.6,-1.63,,-9.18,,-2.52,-11.8,-14.32,94.44,114.01,-19.57
332,Army,Patriot,,,10,22,60.3,64.3,-4.03,,-8.71,,-15.56,1.11,-14.44,88.83,110.62,-21.79
333,NJIT,AEC,,,7,21,67.9,75,-7.11,,-4.3,,-9.16,-5.33,-14.49,94.42,115.04,-20.61
334,Alabama A&M,SWAC,,,11,22,68.7,75.8,-7.09,,-7.58,,-7.65,-7.02,-14.67,90.63,110.5,-19.87
335,Tennessee Tech,OVC,,,10,21,67.4,73.8,-6.45,,-6.04,,-10.53,-4.25,-14.79,92.62,113.86,-21.24
336,Buffalo,MAC,,,4,27,68,79.7,-11.71,,-2.58,,-7.07,-7.81,-14.88,93.6,114.33,-20.73
337,Manhattan,MAAC,,,7,23,66.2,75.8,-9.67,,-4.65,,-7.96,-7.1,-15.06,92.55,113.58,-21.03
338,Central Arkansas,A-Sun,,,9,23,72.2,78.2,-6.03,,-5.26,,-5.81,-9.52,-15.33,94.36,115.64,-21.28
339,Prairie View,SWAC,,,10,21,70.2,76.4,-6.19,,-6.91,,-7.21,-8.18,-15.39,91.7,112.64,-20.94
340,Arkansas-Pine Bluff,SWAC,,,13,18,80.1,81.8,-1.71,,-7.66,,0.1,-15.72,-15.62,98.89,119.82,-20.94
341,Hampton,CAA,,,9,24,71.8,76.4,-4.58,,-5.1,,-7.09,-8.54,-15.63,92.07,114.03,-21.95
342,Florida A&M,SWAC,,,6,23,67.2,77.2,-10.03,,-4.12,,-9.32,-6.43,-15.75,90.95,113.07,-22.13
343,Morgan State,MEAC,,,11,20,72.7,77.5,-4.81,,-5.7,,-4.81,-11.07,-15.88,93.03,115.44,-22.41
344,Loyola (MD),Patriot,,,7,25,64,71.9,-7.88,,-6.71,,-11.26,-4.67,-15.94,90.69,113.95,-23.26
345,Incarnate Word,Southland,,,8,23,72.3,78.6,-6.32,,-7.53,,-5.89,-10.11,-16.01,94.21,115.85,-21.65
346,North Carolina A&T,CAA,,,7,25,65.6,77.9,-12.38,,-3.78,,-8.04,-8.11,-16.15,93.34,116.28,-22.94
347,New Orleans,Southland,,,10,23,73.5,79.5,-5.91,,-5.44,,-4.32,-12.02,-16.33,94.49,116.66,-22.17
348,Detroit Mercy,Horizon,,,1,31,66,80.3,-14.28,,-2.42,,-9.13,-7.57,-16.7,93.65,117.66,-24.01
349,Holy Cross,Patriot,,,10,23,66.5,74.6,-8.12,,-7.66,,-8.1,-8.82,-16.91,96.44,121.07,-24.63
350,Pacific,WCC,,,6,26,64.7,79.8,-15.06,,0.08,,-8.17,-9.03,-17.19,92.54,117.6,-25.07
351,Maryland-Eastern Shore,MEAC,,,9,20,65.2,70.6,-5.38,,-6.23,,-12.61,-4.62,-17.23,87.06,111.92,-24.86
352,Long Island University,NEC,,,7,22,66.5,76.8,-10.28,,-7.43,,-8.46,-9.25,-17.7,89.3,113.7,-24.4
353,Southeast Missouri State,OVC,,,9,22,67,73.5,-6.45,,-6.3,,-10.61,-7.39,-18,89.08,114.35,-25.27
354,Lindenwood,OVC,,,9,22,65.1,73.1,-7.97,,-6.92,,-11.81,-6.61,-18.42,89.31,115.38,-26.07
355,Saint Francis (PA),NEC,,,8,22,65.2,72.7,-7.53,,-8.01,,-12.3,-6.17,-18.47,90.72,117.58,-26.86
356,Houston Christian,Southland,,,6,23,71.5,83.4,-11.93,,-3.4,,-5.42,-13.46,-18.88,92.34,117.13,-24.79
357,Siena,MAAC,,,4,28,60.4,74.4,-14,,-4.93,,-14.42,-4.51,-18.93,86.77,114.15,-27.39
358,Stonehill,NEC,,,4,27,63.5,76.1,-12.68,,-6.01,,-11.87,-8.14,-20.01,88.68,116.31,-27.63
359,VMI,Southern,,,4,28,68.9,82.6,-13.75,,-2.23,,-6.59,-13.84,-20.43,86.81,113.74,-26.93
360,IUPUI,Horizon,,,6,26,65.9,79.8,-13.94,,-4.4,,-11.8,-9.29,-21.09,89.69,120.26,-30.57
361,Coppin State,MEAC,,,2,27,57.9,72.8,-14.97,,-6.4,,-17.56,-3.8,-21.37,81.76,112.43,-30.67
362,Mississippi Valley State,SWAC,,,1,30,55.5,77.7,-22.26,,-3.9,,-19.34,-6.81,-26.15,81.87,120.66,-38.8
},,,,,,,,,,,,,,,,,,